0x2ffcc661011bec72e1a9524e12060983e74d14ce	Zunami	zunami_protocol
0xba7f8b5fb1b19c1211c5d49550fcd149177a5eaf	ZrxVault	zeroex
0xabea9132b05a70803a4e85094fd0e1800777fbef	ZkSync	zksync
0x4aa42145aa6ebf72e164c9bbc74fbd3788045016	xdai_bridge	stake
0x7f268357a8c2552623316e2562d90e642bb538e5	WyvernExchange	opensea
0x7be8076f4ea4a4ad08075c2508e481d6c946d12b	WyvernExchange	opensea
0x0d438f3b5175bebc262bf23753c1e53d03432bde	wNXM	wnxm
0x999b1e6edcb412b59ecf0c5e14c20948ce81f40b	Whirlpool	surf
0xeb834ae72b30866af20a6ce5440fa598bfad3a42	WGAME	wolf_game
0xc02aaa39b223fe8d0a0e5c4f27ead9083c756cc2	WETH9	zeroex
0x3efa30704d2b8bbac821307230376556cf8cc39e	Voucher	tornado_cash
0x5f3b5dfeb7b28cdbd7faba78963ee202a494e2a2	voting_escrow	curvefi
0x9a6ebe7e2a7722f8200d0ffb63a1f6406a0d7dce	Voting	aragon
0x641a6e03fa9511bde6a07793b04cb00aba8305c0	VoltzPool3MarginEngine	voltz
0xa57fc404f69fce71ca26e26f0a4df7f35c8cd5c3	VolmexProtocol	volmex_v1
0xedd27c961ce6f79afc16fd287d934ee31a90d7d1	veSOS	opendao
0x340d693ed55d7ba167d184ea76ea2fd092a35bdc	uphold	
0x5407381b6c251cfd498ccd4a1d877739cb7960b8	TokenController	nexusmutual
0xd569d3cce55b71a8a3f3c418c329a66e5f714431	TerminalV1	juicebox
0xe592427a0aece92de3edee1f18e0157c05861564	SwapRouter	uniswap_v3
0x6cb18ff2a33e981d1e38a663ca056c0a5265066a	Strategy	yield_v2
0xa5025faba6e70b84f74e9b1113e5f7f4e7f4859f	StormMultisender	multisender
0x5fdcca53617f4d2b9134b29090c87d01058e27e9	StarkExchange	immutable_x
0xa26e80e7dea86279c6d778d702cc413e6cffa777	StakingProxy	zeroex_v3
0xab8e74017a8cc7c15ffccd726603790d26d7deca	StakingPools	alchemix
0xd3819d98e7ca844888f0eeb4624b9655ab7f75dd	ssv	
0x3b66890289366175c360c1f0e1bafae06276ba03	ssv	
0xdf5b5ee15cc96ba7d0cb6bd9b2c0fc4417ab6445	SingletonEditions	mirror_v2
0x448a5065aebb8e423f0896e6c5d525c040f59af3	SaiTub	maker
0xbda109309f9fafa6dd6a9cb9f1df4085b27ee8ef	SaiTap	maker
0x8410457a37a5f3d94ccedbf36db8c8538fab6055	Safev1.1.1	gnosis_safe
0x296fd9da28e8c49a597cf8e993d1883d55c98719	Safev1.1.1	gnosis_safe
0x7a250d5630b4cf539739df2c5dacb4c659f2488d	Router02	uniswap_v2
0xd9e1ce17f2641f24ae83637ab66a2cca9c378b9f	Router02	sushi
0xf164fc0ec4e93095b804a4795bbe1e041497b92a	Router01	uniswap_v2
0xa0c68c638235ee32657e8f720a23cec1bfc77c77	RootChainManager	polygon
0x737901bea3eeb88459df9ef1be8ff3ae1b42a2ba	RollupProcessor	aztec_v1
0x73f16f0c0cd1a078a54894974c5c054d8dc1a3d7	RewardsDistributorDelegate	rari_capital
0xc30141b657f4216252dc59af2e7cdb9d8792e1b0	Registry	socket
0x128675d4fddbc4a0d3f8aa777d8ee0fb8b427c2f	PUNKS Comic 2	punkscomic2
0x793ebbe21607e4f04788f89c7a9b97320773ec59	ProxyCreationAndExecute	maker
0x813f5b56fd6571303c603d333ec82bbb3f27ce7b	Proxy	argent
0xae17a6d1592b73b913f94032dd273c4796a8d3ad	Proxy	ssv
0xe1d2e9c67622c625d6ef3ce00e108f343ea1711d	Proxy	ssv
0x75f4bd3a503f23450ed9e8dabdafde6288af2c9b	Proxy	ssv
0xb40c997d5c2877fc46504f50ace4093c83dedca4	Proxy	ssv
0x90b3832e2f2ade2fe382a911805b6933c056d6ed	PoolyNFT	poolysupporters
0x84edffa16bb0b9ab1163abb0a13ff0744c11272f	PooledStaking	nexusmutual
0xf5fd5a9db9cccc6dc9f5ef1be3a859c39983577c	Pool	yield_v2
0x7deb7bce4d360ebe68278dee6054b882aa62d19c	Planets	planets
0x5088797005d8d76b45d850513e69ed8ae88fafad	Pair	uniswap_v2
0x022fc445fd3ec66cc48e0975265ec825245cd7a9	Pair	uniswap_v2
0x44dbfee48fbaa2614041f5e2a9b60117af6bc6c7	Pair	uniswap_v2
0xd3d2e2692501a5c9ca623199d38826e513033a17	Pair	uniswap_v2
0x909d3462bfd9410e16d557a613893034466585db	Pair	uniswap_v2
0x9c6c852a56de59a59f7a4527724a2a0a87f7d223	Pair	uniswap_v2
0xb9f7046f985a906ee3f48f738a44bbcd22bee727	Pair	uniswap_v2
0xed86244cd91f4072c7c5b7f8ec3a2e97ea31b693	Pair	uniswap_v2
0xe98f89a2b3aecdbe2118202826478eb02434459a	Pair	uniswap_v2
0x514906fc121c7878424a5c928cad1852cc545892	Pair	uniswap_v2
0xcc230354d7ef69c27ed5d8cd2ae4979a5f899094	Pair	uniswap_v2
0x97e7d56a0408570ba1a7852de36350f7713906ec	Pair	uniswap_v3
0x0b9976437d396e800878f4190b9e79aa12031d36	Pair	uniswap_v2
0xbd39b1f24b8960d3d7cd2c5471d0493496888185	Pair	uniswap_v2
0x414fbf662fc98415dbee27c72013a6f3a937ed66	Pair	uniswap_v2
0x208bd5dc470eba21571ddb439801a614ed346376	Pair	uniswap_v2
0x2acdac943a5189efd872a4e923fb649c68c4d0fc	Pair	uniswap_v2
0x9e33d50da2cfb0985f6cc3c4efa55af9db56465c	Pair	uniswap_v2
0xc346ab6af1ca2a2e9662e88d85ff448b636149c7	Pair	uniswap_v2
0xe8931f0a34dc52601b137448475a704e9bc9e9b5	Pair	uniswap_v2
0xe5d5493c07172a723fa2c2420224c86fbecbcc35	Pair	uniswap_v2
0x0cc0f89cd9333151b77e44eccefe91842693b277	Pair	uniswap_v2
0xf1392b7ae57f2a1d40b0c3e5866366d9db4814df	Pair	uniswap_v2
0x01962144d41415cca072900fe87bbe2992a99f10	Pair	uniswap_v2
0xce84867c3c02b05dc570d0135103d3fb9cc19433	Pair	uniswap_v2
0xc4ab0852473875bf7a44527db2d3cf1dc5350811	Pair	uniswap_v2
0x03d3ec1be639a7c6dd3b569f76a04d34b73a8cab	Pair	uniswap_v2
0x7d2cfe2e5f8a0318c707a4004c615ec8821daf41	Pair	uniswap_v2
0xe8e7872c755de46a31a1521e729a652369c9d427	Pair	uniswap_v2
0xb733771a429a053daa47a7d219e0834c57b04a87	Pair	uniswap_v2
0x5916953296edf0996a0e77488b3af450095e2a35	Pair	uniswap_v2
0x90fb5908b355b327533c33e82adbc8bcb0eac4df	Pair	uniswap_v2
0x440349579065299f3458e4f101d2fc410517997d	Pair	uniswap_v2
0x7fa79bd0d9f8badc4846022741be59b1844ad85f	Pair	uniswap_v2
0xc631b3526db4a61f81ab23a0a4e265267ded4e64	Pair	uniswap_v2
0xad3e3cc56cffa42235b326090176891292dfca20	Pair	uniswap_v2
0x608903534527b0623fe0b0bd81a2f29bc5b50d32	Pair	uniswap_v2
0xac726681c52b80f22144839e76fd05bc3a8cfb2d	Pair	uniswap_v2
0xc32ab5f17c0edaeb4d597bfb9726f28bc37fd6af	Pair	uniswap_v2
0x6643596f7eb39faf597c4ab0bf9644972111efb3	Pair	uniswap_v2
0xb5f790a03b7559312d9e738df5056a4b4c8459f4	Pair	uniswap_v2
0x9081b50bad8beefac48cc616694c26b027c559bb	Pair	uniswap_v2
0xaf21b0ec0197e63a5c6cc30c8e947eb8165c6212	Pair	uniswap_v2
0xef035f52e5a8974adbf4380e020cd4a0a349c517	Pair	uniswap_v2
0x32d588fd4d0993378995306563a04af5fa162dec	Pair	uniswap_v2
0x6436743488c7bbe95ae4de5d995676e84d9da667	Pair	uniswap_v2
0xec6a6b7db761a5c9910ba8fcab98116d384b1b85	Pair	uniswap_v2
0x3d6bbd63ad5946e1566477077bcd0ff058114e80	Pair	uniswap_v2
0x0c722a487876989af8a05fffb6e32e45cc23fb3a	Pair	uniswap_v2
0x8364eba9018f5be10dd198ea6cdcfdf0306c837b	Pair	uniswap_v2
0x276e62c70e0b540262491199bc1206087f523af6	Pair	uniswap_v2
0x2e44ddd47e451789d383be217dc342da94116db4	Pair	uniswap_v2
0x59f96b8571e3b11f859a09eaf5a790a138fc64d0	Pair	uniswap_v2
0x9722634f191eaf547c9e0d6f8b79f83410d18265	Pair	uniswap_v2
0x1050910a699c4cc7b74a3642e5ba12929381c684	Pair	uniswap_v2
0xae614a7a56cb79c04df2aeba6f5dab80a39ca78e	Pair	uniswap_v3
0x36fe85c05046b5b5b8cbae623d23a9705aaa2e61	Pair	uniswap_v2
0x840336e57708b8ba1e864b2b7db78aabeeba1691	Pair	uniswap_v2
0x748a9631bad6af6d048ae66e2e6e3f44213fb1e0	Pair	uniswap_v2
0x502fd0302624db0b27c9652e0924872b5d3fb728	Pair	uniswap_v2
0x94d5937ebe41f85c20aef13ac365085d0aa42638	Pair	uniswap_v2
0xcb7f78a079b5fc387c80b93be79d40309c27a237	Pair	uniswap_v2
0xe5057889a697b0d857819223968421ea92ef9a51	Pair	uniswap_v2
0x2b4aab28d0fed37fcfe3939bea2b46eaf3369607	Pair	uniswap_v2
0x596a92f8d8b8906fae8e3dad346284f354830e1a	Pair	uniswap_v2
0x6b71ebc55069df99c3ae8984b39e7e6286437da0	Pair	uniswap_v2
0xe76f1aa72d776b846d84efc0a925f7f02a2708c0	Pair	uniswap_v2
0x59ef195eb1ec6f3163819ece5b716e3eaabbeb51	Pair	uniswap_v2
0x08a544df565c9d25cad3b11f72e7813df38ba716	Pair	uniswap_v2
0x3845a342a030ca67bd16ddf739b1a67fe5b3f8f9	Pair	uniswap_v2
0xcfd38a170b73726d2852d80c20d0a7f7f3432d56	Pair	uniswap_v2
0x81e7c04436b6f42e497a08efbea49903fba29e36	Pair	uniswap_v2
0xf00ecb53d741ee921d3f0452ccea1dd4e8a672df	Pair	uniswap_v2
0x78b9524101fb67286338261ddd85e20665e571c1	Pair	uniswap_v2
0x8ad599c3a0ff1de082011efddc58f1908eb6e6d8	Pair	uniswap_v3
0x7bfd383a83a2e67f6eb29673b512bd01ecfbf8c0	Pair	uniswap_v2
0xf875c40fdef7cef512c5193212f5927be5c1e25b	Pair	uniswap_v2
0xe31fb25b235a8e7d683181ce9e9dd4997bc610bf	Pair	uniswap_v2
0xab659dee3030602c1af8c29d146facd4aed6ec85	Pair	uniswap_v2
0x3eb9833bbea994287a2227e3feba0d3dc5d99f05	Pair	uniswap_v2
0xe488c45adea8d83e25ebc548f711cef799e5a24e	Pair	uniswap_v2
0x11b1f53204d03e5529f09eb3091939e4fd8c9cf3	Pair	uniswap_v2
0x87febfb3ac5791034fd5ef1a615e9d9627c2665d	Pair	uniswap_v2
0xbf452277b8af4084fb8a0472ec808f2ded51f1c1	Pair	uniswap_v2
0x77d97e9622deae2744f1bdbd9aa6fe3c41dfddd5	Pair	uniswap_v2
0x19ee84bc61f495335e0ed8e8efa0aeb541fa216b	Pair	uniswap_v2
0x3c6f392d70341be404c9b03c698626223104ab5f	Pair	uniswap_v2
0x5a265315520696299fa1ece0701c3a1ba961b888	Pair	uniswap_v2
0xab91f9a00e3d223dc6eecc4f9ea962e61779eeb9	Pair	uniswap_v2
0xd0b9bd17279e4305db1b19d3bbdffa86679f6293	Pair	uniswap_v2
0x732b0190b5dfbf2dc73d4de76cb46dcf1519eafd	Pair	uniswap_v2
0x50e3d53b4a22e94ee1ce5c3a852d94d145d5852e	Pair	uniswap_v2
0x447f8d287120b66f39856ae5ceb01512a7a47444	Pair	uniswap_v2
0xd92511bd62bdd48fbbc662a479c7194bb146dfa6	Pair	uniswap_v2
0x2b9e92a5b6e69db9fedc47a4c656c9395e8a26d2	Pair	uniswap_v2
0x36938d1419b717c97ebdb273702806ca73f89a4c	Pair	uniswap_v2
0x8ab3e1faeb44b51e003a8bf1338b090dd5247e50	Pair	uniswap_v2
0x48a91882552dad988ae758fcb7070b8e9844dec5	Pair	uniswap_v2
0x2d0c51c1282c31d71f035e15770f3214e20f6150	Pair	uniswap_v2
0x71515b15acde0e21977bd06208d18192254bbae5	Pair	uniswap_v2
0x7fd626e58ef2de3be03113b8e7b154e8edf90eeb	Pair	uniswap_v3
0xcde4933fb43069065d9a387b4e392a47af361b03	Pair	uniswap_v2
0x0e914bf7176f9608fdba21947e4bcebec12024a8	Pair	uniswap_v2
0x0f8e31593857e182fab1b7bf38ae269ece69f4e1	Pair	uniswap_v2
0x26cf2e9c9b1dc3a0cf1d0726e36e19fe16b1e94f	Pair	uniswap_v2
0x4d765c0b521e9f84d37e16287c6f48c638ae6989	Pair	uniswap_v2
0x7e451ab571a119fd6cf36e5b91b58303e81e1d4f	Pair	uniswap_v2
0xe644ae0d7640ed2838e97a3a0689e9bf50627eab	Pair	uniswap_v2
0x7a19ea3a21ae29d2793d06036b44aabae9d6e41a	Pair	uniswap_v2
0xe4332d93b4f0477d5230852f59d2621e2acdea1a	Pair	uniswap_v2
0x8c0e876f1da58140695673d07ff42d4786207d1b	Pair	uniswap_v2
0xfced88bd668af63505153981668c7ffd1075fb7b	Pair	uniswap_v2
0xca9d4cbbd22ca8d598f2cd4556e53a4484772daf	Pair	uniswap_v2
0x3e324bf3c5ce407289717cefb2b70af64aed8120	Pair	uniswap_v2
0x1d4b2b2a2ca8762410801b51f128b73743439e39	Pair	uniswap_v2
0x5b351c6439d6ff1354190f70765914d445367a58	Pair	uniswap_v2
0x85324dd97ec1276a28b9d6ca70ad58fa4759724b	Pair	uniswap_v2
0x339e8bd934efadb7ab47ea18946fde1d226cfed1	Pair	uniswap_v2
0x2ac5bc9dda37601edb1a5e29699deb0a5b67e9bb	Pair	uniswap_v2
0xd730e4b9769c0f02843326f4eebfa6363d39643e	Pair	uniswap_v2
0xe3d5291a2e4c1766ecf060f354d2ce38add96914	Pair	uniswap_v2
0xb9acb51416557ec55804d44eb3b11a819f11dd72	Pair	uniswap_v2
0x6be7a6ff7192b0cb6bea2a5ec4a20e9b20ccfc2e	Pair	uniswap_v2
0xcb4f983e705caeb7217c5c3785001cb138115f0b	Pair	uniswap_v2
0xf227e97616063a0ea4143744738f9def2aa06743	Pair	uniswap_v2
0x91f230ccb0a003bd9e4e116536bf530c5b835bce	Pair	uniswap_v2
0xaae5f80bac0c7fa0cad6c2481771a3b17af21455	Pair	uniswap_v2
0xff2d5556fdb74f184ede8520a8c423540f1a4d3d	Pair	uniswap_v2
0x9fb3dc6cce3a3022799f1172df3859f18081d82c	Pair	uniswap_v2
0x7c285cd47ec87c1e5d18a80f2496760d59ac319f	Pair	uniswap_v2
0x1d22878f9fb497e6cc8d1dca7c05ea38fffc7d94	Pair	uniswap_v2
0x06b1655b9d560de112759b4f0bf57d6f005e72fe	Pair	uniswap_v3
0x1350287fd810aebad7a559bdb227c04e7e46738b	Pair	uniswap_v2
0xe59cd950fa6a354f0790039b92d70b3eead23219	Pair	uniswap_v2
0xeb0ea2a9dcaa1cd018f567eb0ddcfcb7e0f33e2e	Pair	uniswap_v2
0x7cdc560cc66126a5eb721e444abc30eb85408f7a	Pair	uniswap_v2
0x12d4444f96c644385d8ab355f6ddf801315b6254	Pair	uniswap_v2
0x356868c899198da4df6de1414f12228cf351ddaf	Pair	uniswap_v2
0xdc98556ce24f007a5ef6dc1ce96322d65832a819	Pair	uniswap_v2
0x2fa7361d7e3b812375604681eb155a97b4d65e9e	Pair	uniswap_v3
0xd20f8a8248d4e3d2974a68514e600ad5b7768a5d	Pair	uniswap_v2
0xd508b41cac055fdcedf0631a85a0ade2808bb5b9	Pair	uniswap_v2
0x3c1f2fca86dc8d21bfe93b0bdc32ddbd22a21a54	Pair	uniswap_v2
0x7d43dbd5ab258f90849c49ae16ba6445c125012c	Pair	uniswap_v2
0x4a4354ffddb257671ac00cdcedef87503ac6b352	Pair	uniswap_v2
0x3185626c14acb9531d19560decb9d3e5e80681b1	Pair	uniswap_v2
0xcba3087043029e6735eab9829d81a47ecf112552	Pair	uniswap_v2
0xa478c2975ab1ea89e8196811f51a7b7ade33eb11	Pair	uniswap_v2
0x0f94d105556969c4b81f342b2513f568bcc7a424	Pair	uniswap_v2
0xb784ced6994c928170b417bbd052a096c6fb17e2	Pair	uniswap_v2
0x811beed0119b4afce20d2583eb608c6f7af1954f	Pair	uniswap_v2
0xf967a70804891466ae3498528aa13f331f62fa3c	Pair	uniswap_v2
0x9cc71b86a790d096cea90cfbed58e78069675b24	Pair	uniswap_v2
0xfc74ecdee4e9fff2f2ef4cdf4f1c777b2ef0e905	Pair	uniswap_v2
0x1ae6c7f2e53d90551eac17464d0f63c8636c150e	Pair	uniswap_v2
0x57e69e4385896fa4511f958e88d8775fd6a8c6c0	Pair	uniswap_v2
0xe01378202070ba45bda9548e41ca419508e8c940	Pair	uniswap_v2
0x1def8b22302e04389b67d95658a044e7445dad3e	Pair	uniswap_v2
0x5fa78fa8f5d6371ced774e0d306a58fd1b8b03e3	Pair	uniswap_v2
0xac29cd4e6e52cce3f13b94241c00292564d9e6fe	Pair	uniswap_v2
0x74378ead45d9ed97764281765efa9d0d2492e2dc	Pair	uniswap_v2
0xc0bf97bffa94a50502265c579a3b7086d081664b	Pair	uniswap_v2
0xf663b4c81f42cf05954054ec014b9d5a34501eb4	Pair	uniswap_v2
0x5777d92f208679db4b9778590fa3cab3ac9e2168	Pair	uniswap_v3
0x6a3d23fa07c455f88d70c29d230467c407a3964b	Pair	uniswap_v2
0xf89403ad67d659d5d1fae7c6ec163110506b858a	Pair	uniswap_v2
0x69b67d294c4ef355fd6b4708140b5883bec665c7	Pair	uniswap_v2
0xb1a824a6caf1f789aa7ca1072e36e83cd62ba3ee	Pair	uniswap_v2
0xb80946cd2b4b68bedd769a21ca2f096ead6e0ee8	Pair	uniswap_v3
0xf5eebf3fa2d2833b176284e479f8314fcd9735ea	Pair	uniswap_v2
0x1b87fde6af5396165fdadf7f532784622a824abf	Pair	uniswap_v2
0x25bdf657532c3b5fed156c08ca9f23d4f7dd5d0a	Pair	uniswap_v2
0x11972cfbc3065da1238d1f34181ae6a726b1c651	Pair	uniswap_v2
0x24d0753e0b1db16ae4acc6456b83a43af142495b	Pair	uniswap_v2
0xc3d03e4f041fd4cd388c549ee2a29a9e5075882f	Pair	sushi
0x85609c626b532ca8bea6c36be53afdcb15dd4a48	Pair	uniswap_v2
0x162cb3a005c81dbd61f85b6a8c609189c026735c	Pair	uniswap_v2
0x113ecd438bff3e63a95b0b9d18c38bbf066db5a0	Pair	uniswap_v3
0x63804d757b5b7c43509fded8f7ce10cc0bac2ae0	Pair	uniswap_v2
0x960d228bb345fe116ba4cba4761aab24a5fa7213	Pair	uniswap_v2
0x1c48b1def1404750359d3ff5a765a90c3f702999	Pair	uniswap_v2
0x37a0464f8f4c207b54821f3c799afd3d262aa944	Pair	uniswap_v2
0x99b1db3318aa3040f336fb65c55400e164ddcd7f	Pair	uniswap_v2
0xa0d06bdc3274564ddda65bfab6ae61e5f000e49b	Pair	uniswap_v2
0x1ad24816ffb8851171d2e76d1954bfe77f7614f9	Pair	uniswap_v2
0x5428717b7baed889f2fd55cf4627ed256acd310b	Pair	uniswap_v2
0xa23a4ee37679f36875cfce2f9a6e921ce2ee28be	Pair	uniswap_v2
0x386c98653e536fba33d1263adbcaf8e5d6f635fb	Pair	uniswap_v2
0xf31fd87777b8bdebd987b9dfbb69e0b2e9bd7c94	Pair	uniswap_v2
0x88e6a0c2ddd26feeb64f039a2c41296fcb3f5640	Pair	uniswap_v3
0x4dc02e1bb2ec1ce4c50c351e6e06505e7b1dce8d	Pair	uniswap_v2
0x40586ebbc3bed1a1dfe6be0082eb5a78b12343a8	Pair	uniswap_v2
0x820d30dfb86edef782a0310f0e8f41ce37b82c40	Pair	uniswap_v2
0xae461ca67b15dc8dc81ce7615e0320da1a9ab8d5	Pair	uniswap_v2
0xc3d4aa763a7aaaac7f5baf64a473dc3d5213807c	Pair	uniswap_v2
0xe2f021411a15f677100a79f1bf6afd89d00c778b	Pair	uniswap_v2
0xc2adda861f89bbb333c90c492cb837741916a225	Pair	uniswap_v2
0xf4f0a738a0e18bffac551a3b8f53869565f93487	Pair	uniswap_v2
0x48f4a6c65abb4b209823771b0d2c0f156ee6268b	Pair	uniswap_v2
0x10cfa744c77f1cb9a77fa418ac4a1b6ec62bcce4	Pair	uniswap_v2
0x1a5314c1b3e17a781aaef180bba446d10e506e6b	Pair	uniswap_v2
0xa3509a16bbfc5992eb01cc861b615ccd8e937da8	Pair	uniswap_v2
0x4c7c61ad6dc3a3687d22f224af2ac1c60dcc103f	Pair	uniswap_v2
0xa6cf904beb194cbe1b7a5300f6e3f2eebdd73b43	Pair	uniswap_v2
0xc0a6bb3d31bb63033176edba7c48542d6b4e406d	Pair	uniswap_v2
0xc730ef0f4973da9cc0ab8ab291890d3e77f58f79	Pair	uniswap_v2
0x4ce3687fed17e19324f23e305593ab13bbd55c4d	Pair	uniswap_v2
0xda3706c9a099077e6bc389d1baf918565212a54d	Pair	uniswap_v2
0xa8e5533d1e22be2df5e9ad9f67dd22a4e7d5b371	Pair	uniswap_v2
0x5cea7ffab210ddc3a75c3fbc1e4fcf2b370374c1	Pair	uniswap_v2
0xc2b7888a8d7b62e2a518bbc79fbbd6b75da524b6	Pair	uniswap_v2
0x1c608235e6a946403f2a048a38550befe41e1b85	Pair	uniswap_v2
0xda357b48f37bc0e7eca53cc2c2f4cf20f1d97869	Pair	uniswap_v2
0xc5be99a02c6857f9eac67bbce58df5572498f40c	Pair	uniswap_v2
0xc822d85d2dcedfaf2cefcf69dbd5588e7ffc9f10	Pair	uniswap_v2
0xfad8527d25e862cf85054860dc68ebca3a0fed56	Pair	uniswap_v2
0xb6c8e5f00117136571d260bfb1baff62ddfd9960	Pair	uniswap_v2
0x29b0aa11de97f6d5a3293d980990e820bda5fbab	Pair	uniswap_v2
0x7cdb719aa9d079da0be147495a197bd39be6e7c9	Pair	uniswap_v2
0xd74e2d5b2d731073d95ad25992a93720460a84fc	Pair	uniswap_v2
0x84c3b884a9ff37655dc918d70d99ea8ee9b3f0d3	Pair	uniswap_v2
0xe8e354f097361c7e371c847f04b38dca3f145c0c	Pair	uniswap_v2
0x10cd608f78e2619d499d3b997d01defc0a8c1b4b	Pair	uniswap_v2
0x146d3401b6a41122bd318ba676a01c44cb0795e2	Pair	uniswap_v2
0xc3f279090a47e80990fe3a9c30d24cb117ef91a8	Pair	sushi
0x7b48d3d78473b932b44a36597903083cad96e8da	Pair	uniswap_v2
0x9d6e20fd568383e7ea8c1df3203e0b4f53f2685f	Pair	uniswap_v2
0xe586e9dd521c8f2a8578d996016e40e7386c7c4c	Pair	uniswap_v2
0xed6f038534f321c80ba7c1490177c52f0f33a85f	Pair	uniswap_v2
0xc37beb8ca1d670c8e00da3070e749f8f557846f7	Pair	uniswap_v2
0x5488ed7f9a99684d0e9eccd3847860c734017575	Pair	uniswap_v2
0x7b7e5d9ee81d9d975d63b44deb95c29fa95eb25d	Pair	uniswap_v2
0x7c9646d5ca880589623cae58f015e71f49dba451	Pair	uniswap_v2
0x470e8de2ebaef52014a47cb5e6af86884947f08c	Pair	uniswap_v2
0xd99ddad712f60c6cc8fda09e0c292aed68047216	Pair	uniswap_v2
0x7b12d855445073987d45ea97b1af3554f05e4ef4	Pair	uniswap_v3
0xd7cfbcadaaf6475321cfcf3884f15a93400be658	Pair	uniswap_v2
0xf152bb74719e9949774a5e944e256963c1c4b4a1	Pair	uniswap_v2
0x1af31d2c599c0d886788457c8b22fc5592fa2e01	Pair	uniswap_v2
0x21c5918ccb42d20a2368bdca8feda0399ebfd2f6	Pair	uniswap_v2
0xef8a0222b637836bff5cbd761303240e75ca02cb	Pair	uniswap_v2
0xaf996125e98b5804c00ffdb4f7ff386307c99a00	Pair	uniswap_v2
0xa6890ac41e3a99a427bef68398bf06119fb5e211	Pair	uniswap_v2
0xf4b5cda6b003e463906f0809f11a62524dffda30	Pair	uniswap_v2
0x73994f935b23511686ce1dd59c295e5100031f4b	Pair	uniswap_v2
0xec3bdd98f0461a7966510d2f26bafc6680aab2c5	Pair	sushi
0x0ca584b699e31e3e8f12432fa0de41f1aca6da41	Pair	uniswap_v2
0xc870847a71c65ab883cf0d4a4ea6a73a1ca5efdb	Pair	uniswap_v2
0x3041cbd36888becc7bbcbc0045e3b1f144466f5f	Pair	uniswap_v2
0x5cbefe14c66ba706e79ca4237ff10f218461014a	Pair	uniswap_v2
0x1e0693f129d05e5857a642245185ee1fca6a5096	Pair	uniswap_v2
0xa23c4aa7050425d2922956bedd9d513da1b4a977	Pair	uniswap_v2
0x9d92010e4e63acbc03c2b98eaacb13508e069ce0	Pair	uniswap_v2
0xb8b84ce0cade916988bd129eafd7934ade5fa6a9	Pair	uniswap_v2
0xddf9b7a31b32ebaf5c064c80900046c9e5b7c65f	Pair	uniswap_v2
0x45fbd310955b1359178beae5300012857b995cc6	Pair	uniswap_v2
0x2d97755d2d18a77ef9ead977dd0c3ca7c840d5fc	Pair	uniswap_v2
0xc76225124f3caab07f609b1d147a31de43926cd6	Pair	uniswap_v2
0xcec8075e3467573164bc1f4682ca2e01044b18bb	Pair	uniswap_v2
0xe444f079e8f69ee32b2707974b5c994fa7dd944a	Pair	uniswap_v2
0xd90a1ba0cbaaaabfdc6c814cdf1611306a26e1f8	Pair	uniswap_v2
0x164ed0df02b3747315b50b806b79962ad9517578	Pair	uniswap_v2
0x5e64cd6f84d0ee2ad2a84cadc464184e36274e0c	Pair	uniswap_v2
0x596f7383223db0d484fd220d0ab036e042bafea4	Pair	uniswap_v2
0xc36442b4a4522e871399cd717abdd847ab11fe88	NonfungibleTokenPositionManager	uniswap_v3
0x818e6fecd516ecc3849daf6845e3ec868087b755	NetworkProxy	kyber
0x9ae49c0d7f8f9ef4b864e004fe86ac8294e20950	Network	kyber
0x65bf64ff5f51272f729bdcd7acfb00677ced86cd	Network	kyber
0x00cf36853aa4024fb5bf5cc377dfd85844b411a0	MultiSigWalletWithDailyLimit_a	gnosis_multisig
0x15f7c142161469a58dc81339e4655d3dcb559d25	Mojimon	mojimonsters
0x797a48c46be32aafcedcfd3d8992493d8a1f256b	MintPassFactory	mintpass
0x090d4613473dee047c3f2706764f49e0821d256e	MerkleDistributor	uniswap
0x055cc48f7968fd8640ef140610dd4038e1b03926	MemberRoles	nexusmutual
0x14fbca95be7e99c15cc2996c6c9d841e54b79425	MatchingMarket	oasisdex
0x59728544b08ab483533076417fbbb2fd0b17ce3a	LooksRareExchange	looksrare
0xa35dce3e0e6ceb67a30b8d7f4aee721c949b5970	LooksRareAirdrop	looksrare
0xfe190723a465c99293c4f035045c0a6880d25dbe	LL420GreenPass	looklabs
0x362fa9d0bca5d19f743db50738345ce2b40ec99f	LiFiDiamond	lifi
0x139b522955d54482e7662927653abb0bfb6f19ba	LameloBallNFT	lamelo_ball_nft
0x99c9fc46f92e8a1c0dec1b1747d010903e884be1	L1StandardBridge	optimism
0xa10c7ce4b876998858b1a9e12b10092229539400	l1escrow_arbitrum	maker
0xb8901acb165ed027e32754e0ffe830802919727f	L1_ETH_Bridge	hop
0xc12d1c73ee7dc3615ba4e37e4abfdbddfa38907e	KickToken	kickex
0x425372c0ac9d559a186a08a3854e0ddea1a00d5c	Incubator	axieinfinity
0x4dbd4fc535ac27206064b68ffcf827b0a60bab3f	Inbox	arbitrum
0x2a0c0dbecc7e4d658f48e01e3fa353f44050c208	IDEX1	idex
0xc5102fe9359fd9a28f877a67e36b0f050d81a3cc	HOPToken	hop_protocol
0x9008d19f58aabd9ed0d60971565aa8510560ab41	GPv2Settlement	gnosis_protocol_v2
0x63fc2f3c62b717ce121fb415168ec1ea76160960	GnosisSafev1.3.0	gnosis_safe
0x3eb3e185f47a6179415af3397fd6461fe4ef8b36	GnosisSafev1.3.0	gnosis_safe
0xaf53285fb07cefda6a3b5025c7995bbb3b4aa60d	GnosisSafev1.3.0	gnosis_safe
0x7db82166ed07cd6cda2fce47d28feb917b16f015	GnosisSafev1.3.0	gnosis_safe
0xf93406451c0bf1fe5fe04312c1bf512a211e9d0f	GnosisSafev1.3.0	gnosis_safe
0x69c625a716225c48c68a875b527af9581fd3799c	GnosisSafev1.3.0	gnosis_safe
0xe880cfc1f315b9311db08f65ea62a0b787fa6276	GnosisSafev1.3.0	gnosis_safe
0x46194d12248260a7a80c22833afab9f899a4f4d9	GnosisSafev1.3.0	gnosis_safe
0xf39a4a028625448dc2f006f769efcdc26cb94de0	GnosisSafev1.3.0	gnosis_safe
0x677fd4ed8ae623f2f625deb2d64f2070e46ca1a1	GnosisSafev1.3.0	gnosis_safe
0x7c00b83543445e1efe7570aa6f114d491ea31ed4	GnosisSafev1.3.0	gnosis_safe
0x293dd340b853a82284eeb7cbb4f27e946c208227	GnosisSafev1.3.0	gnosis_safe
0xdab55d1e72dbffc07a0004a48589d692c94cc424	GnosisSafev1.3.0	gnosis_safe
0x1b0acd579a3d90e68b64b60126c78e4fada9d6bb	GnosisSafev1.3.0	gnosis_safe
0x413fd8dbca644c02cb7603548d352d2476784777	GnosisSafev1.3.0	gnosis_safe
0xf5f63126ed968c987b0b1dd876bd749cecd496b2	GnosisSafev1.3.0	gnosis_safe
0x96b9bec845cecec6ed3baee57c49f68f0d85ce11	GnosisSafev1.3.0	gnosis_safe
0x7ee783f0a9e669ca7d77be9f3b6419b7ff824459	GnosisSafev1.3.0	gnosis_safe
0x990243e8cb8ced76b5bc48d6c9bea6b5c450a8e9	GnosisSafev1.3.0	gnosis_safe
0xe0b2eb6389250b0a4c0cb9d763698e0fc27c6d27	GnosisSafev1.3.0	gnosis_safe
0x73ae31f9fdeb8453d8cbeb2fee577ae39d13da5b	GnosisSafev1.3.0	gnosis_safe
0x7369cc48d18bbc10c096ed14d3ff1da50199697a	GnosisSafev1.3.0	gnosis_safe
0x7dd02b6b58a4254facdd09c3b762c92a71761371	GnosisSafev1.3.0	gnosis_safe
0x23ee98f49ed1f7cda803a8fd4e8975d30af83401	GnosisSafev1.3.0	gnosis_safe
0xfb7ee73bb3d926ab6dfd79eb65fc59ecb2aa481f	GnosisSafev1.3.0	gnosis_safe
0xa4d676ce11ad6da90afa98aa8152574af4dd45bc	GnosisSafev1.3.0	gnosis_safe
0x1e1fd9f6840ce528ea59f11a6e03183e67b865cf	GnosisSafev1.3.0	gnosis_safe
0x0841c7ec0e7217fd2bec5dc5db0eb39b3579eea4	gnosis_safe	
0x22c5fd1199a7e3352e6cd6a9a720379485bec654	gnosis_safe	
0x1826b4357565459595c36bbfa9493a67cf8b0239	gnosis_safe	
0x66ba8a0942a6a7aab7c2626e2c7e1b78379db645	gnosis_safe	
0xa1fd5501404b78df00f5bef0e800e725ed7c1669	gnosis_safe	
0xe9c9c90644a1cdbe2aa41aa00500940eb5931d8c	gnosis_safe	
0x7ea6130f004f36fbcf989c9802d6ebcce49a0c06	gnosis_safe	
0xf7ffc7d431eca93ccf64143183dffe5d19b42595	gnosis_safe	
0x9d8dee429d88cb385bfcd0737ce0530071c6ed4c	gnosis_safe	
0xa75fa3254c7eb3cdeefa33527d5295505f55cf57	gnosis_safe	
0x748c88d9db2dab5343881e659ea59621ad38364f	gnosis_safe	
0x896d7a065cd1438996d6b6a53e45933271096b52	gnosis_safe	
0x723e339df092ac72c19e2bc032c729ca3ced4560	gnosis_safe	
0x5ffb51e6d24c672987a4aeacdbde04be571cee3a	gnosis_safe	
0x0303257545a2ed0e1e3128dad316bc2ba40a2574	gnosis_safe	
0xc40f0c84cda58d49c5e1faf57217a542dbd9a4c9	gnosis_safe	
0x75d6f1fb7b75e82d1334549736d6bd848ca86f1a	gnosis_safe	
0x1feb13a679d8668aa8bb7c55c8ed7b8619a89007	gnosis_safe	
0xbb6b2f55a6415cdd7d853932bea16afc65401a58	gnosis_safe	
0x73b2e3cfa3e9249112bd16507c54ce9f3450b782	gnosis_safe	
0xd78b95b10a1619731cfedbb5841781e7d08f3a28	gnosis_safe	
0x28e733bb3d5bd850639b9cde7b2595af55958f53	gnosis_safe	
0x48325d6a599e231e4bda27a505d8ff26bbd8411a	gnosis_safe	
0xe07e1887c6e05a111ad9a5a647cf2167f485c34d	gnosis_safe	
0x5fcb67b1d065cb19c026f4dc8d3adb6c5130ceee	gnosis_safe	
0x4b7a166f5928742fb9053cb20452cacb5a127623	gnosis_safe	
0xe72ce8e84ab6d66f6054b09a6b208fc358feec6f	gnosis_safe	
0x9889ca6f00c0366135b4ef90cb49d9a1975714f5	gnosis_safe	
0x1f09c749371037e00309d4ec666d9ed886b0ac34	gnosis_safe	
0xee3bf23429832957deb7f032dd3293ab30df846b	gnosis_safe	
0x7a2912233b4c2c3c5e2261f54f9727a634bc6d00	gnosis_safe	
0xd92e70aebaf48ffd74bc92da80a535e4557788b2	gnosis_safe	
0xe0f27ed7d4b225732187c8fb36743b9f364f4f29	gnosis_safe	
0xd24400ae8bfebb18ca49be86258a3c749cf46853	Gemini	
0x72ce9c846789fdb6fc1f34ac4ad25dd9ef7031ef	GatewayRouter	arbitrum
0x6bba316c48b49bd1eac44573c5c871ff02958469	GASToken	gas_dao
0xc098b2a3aa256d2140208c3de6543aaef5cd3a94	FTX Exchange 2	
0xf497b83cfbd31e7ba1ab646f3b50ae0af52d03a1	ForthClaim	ampleforth
0x4d953115678b15ce0b0396bcf95db68003f86fb5	formerly Gnosis Safe	
0x07f455f30e862e13e3e3d960762cb11c4f744d52	formerly Gnosis Safe	
0x22f9dcf4647084d6c31b2765f6910cd85c178c18	FillQuoteTransformer	zeroex_v3
0xbcd7254a1d759efa08ec7c3291b2e85c5dcc12ce	FeeSharingSystem	looksrare
0xdef1c0ded9bec7f1a1670819833240f027b25eff	ExchangeProxy	zeroex
0x97dec872013f6b5fb443861090ad931542878126	Exchange	uniswap
0x2a1530c4c41db0b0b2bb646cb5eb1a67b7158667	Exchange	uniswap
0x45a2fdfed7f7a2c791fb1bdf6075b83fad821dde	Exchange	uniswap
0x2c4bd064b998838076fa341a83d007fc2fa50957	Exchange	uniswap
0x61935cbdd02287b511119ddb11aeb42f1593b7ef	Exchange	zeroex_v3
0xa2881a90bf33f03e7a3f803765cd2ed5c8928dfb	Exchange	uniswap
0x8fd3121013a07c57f0d69646e86e7a4880b467b7	Exchange	airswap
0x48b04d2a05b6b604d8d5223fd1984f191ded51af	Exchange	uniswap
0xf9a423b86afbf8db41d7f24fa56848f56684e43f	EveryIcon	everyicon
0x27182842e098f60e3d576794a5bffb0777e025d3	Euler	euler
0x283af0b28c62c092c9727f1ee09c02ca627eb7f5	ETHRegistrarController_3	ethereumnameservice
0x8d12a197cb00d4747a1fe03395095ce2a5cc6819	EtherDelta	etherdelta
0x97ca7fe0b0288f5eb85f386fed876618fb9b8ab8	ethercards	ethercards
0x12d66f87a04a9e220743712ce6d9bb1b5616b8fc	eth	tornado_cash
0x40ec5b33f54e0e8a33a975908c5ba1c14e5bbbdf	ERC20Predicate	matic
0xd152f549545093347a162dce210e7293f1452150	Disperse	disperse
0xd1ceeeeee83f8bcf3bedad437202b6154e9f5405	Dice2Win	dice2win
0x8888888883585b9a8202db34d8b09d7252bfc61c	Degens	degens
0x49497a4d914ae91d34ce80030fe620687bf333fd	DDEX	
0x5ab21ec0bfa0b29545230395e3adaca7d552c948	ComicMinter	punkscomic
0x71660c4005ba85c37ccec55d0c4493e66fe775d3	Coinbase	
0x503828976d22510aad0201ac7ec88293211d23da	coinbase	
0xddfabcdc4d8ffc6d5beaf154f18b778f892a0740	coinbase	
0x55fe002aeff02f77364de339a1292923a15844b8	Circle	
0xfd3300a9a74b3250f1b2abc12b47611171910b07	CErc20Delegate	rari_capital
0xf5dce57282a584d2746faf1593d3121fcac444dc	cErc20	compound_v2
0x7d655c57f71464b6f83811c55d84009cd9f5221c	BulkCheckout	gitcoin
0x011b6e24ffb0b5f5fcc564cf4183c5bbbc96d515	Bridge	arbitrum
0x68c74e157f35a3e40f1b02bba3e6e3827d534059	BPool	balancer
0x564286362092d8e7936f0549571a803b203aaced	Binance	
0xd551234ae421e3bcba99a0da6d736074f22192ff	Binance	
0x3f5ce5fbfe3e9af3971dd833d26ba9b5c936f0be	Binance	
0x56eddb7aa87536c09ccc2793473599fd21a8b17f	Binance	
0x28c6c06298d514db089934071355e5743bf21d60	Binance	
0x21a31ee1afc51d94c2efccaa2092ad1028285549	Binance	
0x4976a4a02f38326660d17bf34b431dc6e2eb2327	Binance	
0x0681d8db095565fe8a346fa0277bffde9c0edbbf	Binance	
0xdfd5293d8e347dfe59e90efd55b2956a1343963d	Binance	
0x9696f59e4d72e237be84ffd425dcad154bf96976	Binance	
0x47c84a87a2a972769cc5deda28118617e3a48f8c	Batcher	brahmafi
0xf20b9e713a33f61fa38792d2afaf1cd30339126a	BancorNetwork_v1	bancornetwork
0xb89570f6ad742cb1fd440a930d6c2a2ea29c51ee	BancorConverter_v0.11	bancornetwork
0xff1f2b4adb9df6fc8eafecdcbf96a2b351680455	aztec_v2	
0xf4985070ce32b6b1994329df787d1acc9a2dd9e2	AxieClockAuction	axieinfinity
0xbcca60bb61934080951369a648fb03df4f96263c	AToken	aave_v2
0x28472a58a490c5e09a238847f66a68a47cc76f0f	AdidasOriginals	adidas